{"cameraMode":{"drawMode":0,"name":"Shaded","section":"Shading Mode"},"sceneLighting":true,"audioPlay":false,"sceneViewState":{"m_AlwaysRefresh":false,"showFog":true,"showSkybox":true,"showFlares":true,"showImageEffects":true,"showParticleSystems":true,"showVisualEffectGraphs":true,"m_FxEnabled":true},"in2DMode":false,"pivot":{"x":-5.131643772125244,"y":-6.287752628326416,"z":-2.230299949645996},"rotation":{"x":0.6491751074790955,"y":0.0022808329667896034,"z":-0.0019475971348583699,"w":0.7606385350227356},"size":15.99400806427002,"orthographic":false}