{"cameraMode":{"drawMode":0,"name":"Shaded","section":"Shading Mode"},"sceneLighting":true,"audioPlay":false,"sceneViewState":{"m_AlwaysRefresh":false,"showFog":true,"showSkybox":true,"showFlares":true,"showImageEffects":true,"showParticleSystems":true,"showVisualEffectGraphs":true,"m_FxEnabled":true},"in2DMode":false,"pivot":{"x":-1.10173499584198,"y":1.6815290451049805,"z":-1.5700483322143555},"rotation":{"x":0.23747925460338593,"y":-0.04224151000380516,"z":0.010335850529372692,"w":0.9704271554946899},"size":7.822490692138672,"orthographic":false}