{"cameraMode":{"drawMode":0,"name":"Shaded","section":"Shading Mode"},"sceneLighting":false,"audioPlay":false,"sceneViewState":{"m_AlwaysRefresh":false,"showFog":true,"showSkybox":false,"showFlares":true,"showImageEffects":true,"showParticleSystems":true,"showVisualEffectGraphs":true,"m_FxEnabled":true},"in2DMode":false,"pivot":{"x":-0.07980471849441529,"y":0.08043885231018067,"z":0.05578099191188812},"rotation":{"x":-0.341037392616272,"y":0.44915151596069338,"z":-0.19064845144748689,"w":-0.8035067319869995},"size":0.4126215875148773,"orthographic":false}