{"cameraMode":{"drawMode":0,"name":"Shaded","section":"Shading Mode"},"sceneLighting":false,"audioPlay":false,"sceneViewState":{"m_AlwaysRefresh":false,"showFog":true,"showSkybox":false,"showFlares":true,"showImageEffects":true,"showParticleSystems":true,"showVisualEffectGraphs":true,"m_FxEnabled":true},"in2DMode":false,"pivot":{"x":0.07899868488311768,"y":-0.09257382154464722,"z":-0.07885855436325073},"rotation":{"x":-0.3846334218978882,"y":0.4509098529815674,"z":-0.22419576346874238,"w":-0.7736203074455261},"size":0.5934752821922302,"orthographic":false}