{"cameraMode":{"drawMode":0,"name":"Shaded","section":"Shading Mode"},"sceneLighting":true,"audioPlay":false,"sceneViewState":{"m_AlwaysRefresh":false,"showFog":true,"showSkybox":true,"showFlares":true,"showImageEffects":true,"showParticleSystems":true,"showVisualEffectGraphs":true,"m_FxEnabled":true},"in2DMode":false,"pivot":{"x":-0.053919717669487,"y":1.4115874767303467,"z":-0.00490182638168335},"rotation":{"x":0.20107971131801606,"y":0.01969238929450512,"z":-0.004037064500153065,"w":0.9793767333030701},"size":1.6835682392120362,"orthographic":false}