{"cameraMode":{"drawMode":0,"name":"Shaded","section":"Shading Mode"},"sceneLighting":true,"audioPlay":false,"sceneViewState":{"m_AlwaysRefresh":false,"showFog":true,"showSkybox":true,"showFlares":true,"showImageEffects":true,"showParticleSystems":true,"showVisualEffectGraphs":true,"m_FxEnabled":true},"in2DMode":false,"pivot":{"x":12.545561790466309,"y":-0.00036716461181640625,"z":-0.40923503041267397},"rotation":{"x":0.01916784606873989,"y":-0.18342016637325288,"z":0.0035771620459854604,"w":0.9828416705131531},"size":8.373796463012696,"orthographic":true}